use bidhub;

insert into quotes
values (1, 'Dr. Seuss', 'Don''t cry because it''s over, smile because it happened.');
insert into quotes
values (2, 'Oscar Wilde', 'Be yourself; everyone else is already taken.');
insert into quotes
values (3, 'Albert Einstein',
        'Two things are infinite: the universe and human stupidity; and I''m not sure about the universe.');

insert into users (idUser, useName, useLastName, useEmail, usePassword, useCredit)
values (4, 'Flinn', 'Feldhuhn', 'ffeldhuhn3@dagondesign.com', 'PM9hsMBPcvY', 2375);
insert into users (idUser, useName, useLastName, useEmail, usePassword, useCredit)
values (5, 'Rebe', 'Steanyng', 'rsteanyng4@alibaba.com', 'i8ggNtDP', 956);
insert into users (idUser, useName, useLastName, useEmail, usePassword, useCredit)
values (6, 'Clem', 'Rawnsley', 'crawnsley5@gizmodo.com', 'WnRqb8', 404);
insert into users (idUser, useName, useLastName, useEmail, usePassword, useCredit)
values (7, 'Jean', 'Scramage', 'jscramage6@opera.com', 'PrROtxlfbROh', 2366);
insert into users (idUser, useName, useLastName, useEmail, usePassword, useCredit)
values (8, 'Ame', 'Mulligan', 'amulligan7@ucsd.edu', 'jdBHjlEZvw2', 20);
insert into users (idUser, useName, useLastName, useEmail, usePassword, useCredit)
values (9, 'Dionne', 'Gewer', 'dgewer8@digg.com', 'yN7N9Jg6', 1488);
insert into users (idUser, useName, useLastName, useEmail, usePassword, useCredit)
values (10, 'Ev', 'Dobby', 'edobby9@de.vu', 'nZdGbAI0lukC', 1067);
insert into users (idUser, useName, useLastName, useEmail, usePassword, useCredit)
values (11, 'Augustus', 'Snalham', 'asnalhama@tmall.com', 'xD2DaUH', 1348);
insert into users (idUser, useName, useLastName, useEmail, usePassword, useCredit)
values (12, 'Jerad', 'Brenton', 'jbrentonb@independent.co.uk', 'rKEcLX1', 582);
insert into users (idUser, useName, useLastName, useEmail, usePassword, useCredit)
values (13, 'Aline', 'Lippiett', 'alippiettc@github.com', 'OL2jFYpuo', 2142);
insert into users (idUser, useName, useLastName, useEmail, usePassword, useCredit)
values (14, 'Martelle', 'Curror', 'mcurrord@macromedia.com', 'MZN0Bmhq', 479);
insert into users (idUser, useName, useLastName, useEmail, usePassword, useCredit)
values (15, 'Alexandr', 'Matitiaho', 'amatitiahoe@seesaa.net', '0WkTWe', 617);
insert into users (idUser, useName, useLastName, useEmail, usePassword, useCredit)
values (16, 'Tabbitha', 'Windmill', 'twindmillf@berkeley.edu', 'qsiRToyjHSw', 2008);
insert into users (idUser, useName, useLastName, useEmail, usePassword, useCredit)
values (17, 'Myca', 'MacGinney', 'mmacginneyg@ebay.com', 'tZRm6q', 1865);
insert into users (idUser, useName, useLastName, useEmail, usePassword, useCredit)
values (18, 'Tildi', 'Jacobovitz', 'tjacobovitzh@nytimes.com', 'KhqqBC', 785);
insert into users (idUser, useName, useLastName, useEmail, usePassword, useCredit)
values (19, 'Audrye', 'Kristiansen', 'akristianseni@cbslocal.com', 'wMuFRvTFm', 1781);
insert into users (idUser, useName, useLastName, useEmail, usePassword, useCredit)
values (20, 'Radcliffe', 'Duckers', 'rduckersj@discovery.com', 'dcLSaKULR', 2280);
insert into users (idUser, useName, useLastName, useEmail, usePassword, useCredit)
values (21, 'Stacey', 'Cocks', 'scocksk@sciencedirect.com', 's2k9OoB', 242);
insert into users (idUser, useName, useLastName, useEmail, usePassword, useCredit)
values (22, 'Cinnamon', 'Milton-White', 'cmiltonwhitel@domainmarket.com', '8ZM27NlyYgE', 51);
insert into users (idUser, useName, useLastName, useEmail, usePassword, useCredit)
values (23, 'Freemon', 'Tenny', 'ftennym@feedburner.com', '2HHWNNL', 1361);
insert into users (idUser, useName, useLastName, useEmail, usePassword, useCredit)
values (24, 'Alphonso', 'Coste', 'acosten@nba.com', 'DPQc1Abprs', 2371);
insert into users (idUser, useName, useLastName, useEmail, usePassword, useCredit)
values (25, 'Babita', 'Suttaby', 'bsuttabyo@xrea.com', 'NPDmsC', 1705);
insert into users (idUser, useName, useLastName, useEmail, usePassword, useCredit)
values (26, 'Josefa', 'Pedler', 'jpedlerp@ftc.gov', 'qtcXWCjDPD', 726);
insert into users (idUser, useName, useLastName, useEmail, usePassword, useCredit)
values (27, 'Gerrie', 'Farenden', 'gfarendenq@t.co', 'AFhWpaDPk', 1978);
insert into users (idUser, useName, useLastName, useEmail, usePassword, useCredit)
values (28, 'Jordon', 'Elie', 'jelier@pen.io', '5GNuVbYGAMsK', 2341);
insert into users (idUser, useName, useLastName, useEmail, usePassword, useCredit)
values (29, 'Waiter', 'Sirett', 'wsiretts@mapquest.com', 'q4pGd9Y', 1663);
insert into users (idUser, useName, useLastName, useEmail, usePassword, useCredit)
values (30, 'Miquela', 'Crigin', 'mcrigint@unicef.org', 'qNgqd2d', 2067);
insert into users (idUser, useName, useLastName, useEmail, usePassword, useCredit)
values (31, 'Gamaliel', 'Mathonnet', 'gmathonnetu@elegantthemes.com', 'JREzSMeeLfn', 1023);
insert into users (idUser, useName, useLastName, useEmail, usePassword, useCredit)
values (32, 'Lucia', 'Hawkyens', 'lhawkyensv@java.com', 'iRYjoIeixMeh', 89);
insert into users (idUser, useName, useLastName, useEmail, usePassword, useCredit)
values (33, 'Gay', 'Schettini', 'gschettiniw@angelfire.com', 'dVpHOy', 1514);
insert into users (idUser, useName, useLastName, useEmail, usePassword, useCredit)
values (34, 'Joanna', 'Leneham', 'jlenehamx@ebay.co.uk', 'Yl07AC7zbu', 1733);
insert into users (idUser, useName, useLastName, useEmail, usePassword, useCredit)
values (35, 'Shawn', 'Solomonides', 'ssolomonidesy@indiatimes.com', 'q2gVYkSC', 136);
insert into users (idUser, useName, useLastName, useEmail, usePassword, useCredit)
values (36, 'Olivette', 'Cardno', 'ocardnoz@skype.com', 'hvKkkIn', 522);
insert into users (idUser, useName, useLastName, useEmail, usePassword, useCredit)
values (37, 'Nanice', 'Challiss', 'nchalliss10@patch.com', 'mKzJZmcDY0i', 1571);
insert into users (idUser, useName, useLastName, useEmail, usePassword, useCredit)
values (38, 'Saunderson', 'Middleton', 'smiddleton11@google.cn', 'L7VuHPK5Cu', 1721);
insert into users (idUser, useName, useLastName, useEmail, usePassword, useCredit)
values (39, 'Earl', 'Leipoldt', 'eleipoldt12@cnn.com', 'MCB7RVQRaV', 2066);
insert into users (idUser, useName, useLastName, useEmail, usePassword, useCredit)
values (40, 'Ellen', 'Drewitt', 'edrewitt13@berkeley.edu', '3XbOOnZL', 598);
insert into users (idUser, useName, useLastName, useEmail, usePassword, useCredit)
values (41, 'Sabrina', 'Tindley', 'stindley14@gravatar.com', 'd10vtc', 732);
insert into users (idUser, useName, useLastName, useEmail, usePassword, useCredit)
values (42, 'Lotty', 'Waywell', 'lwaywell15@hp.com', 'P3zQKz0dtI4', 1243);
insert into users (idUser, useName, useLastName, useEmail, usePassword, useCredit)
values (43, 'Kaila', 'Leel', 'kleel16@ft.com', 'itrgBCBmJC', 1529);
insert into users (idUser, useName, useLastName, useEmail, usePassword, useCredit)
values (44, 'Vernen', 'O''Geneay', 'vogeneay17@ning.com', 'S636fuOL', 1969);
insert into users (idUser, useName, useLastName, useEmail, usePassword, useCredit)
values (45, 'Virgina', 'Handling', 'vhandling18@ca.gov', 'UfpCaBdVyQk4', 2125);
insert into users (idUser, useName, useLastName, useEmail, usePassword, useCredit)
values (46, 'Brandyn', 'Hazel', 'bhazel19@google.ru', 'oHH3N3fr', 1720);
insert into users (idUser, useName, useLastName, useEmail, usePassword, useCredit)
values (47, 'Rosalind', 'Marjoram', 'rmarjoram1a@smh.com.au', 'A6vnSvsrPFJ', 946);
insert into users (idUser, useName, useLastName, useEmail, usePassword, useCredit)
values (48, 'Alec', 'Podd', 'apodd1b@cdbaby.com', 'TxNMOI', 2338);
insert into users (idUser, useName, useLastName, useEmail, usePassword, useCredit)
values (49, 'Karole', 'Tupper', 'ktupper1c@csmonitor.com', 'ki8mqegpe', 1721);
insert into users (idUser, useName, useLastName, useEmail, usePassword, useCredit)
values (50, 'Billy', 'Petticrow', 'bpetticrow1d@ed.gov', 'hJNyAM', 2196);
insert into users (idUser, useName, useLastName, useEmail, usePassword, useCredit)
values (51, 'Ludovika', 'Akroyd', 'lakroyd1e@usgs.gov', 'yLMYGV8', 1904);
insert into users (idUser, useName, useLastName, useEmail, usePassword, useCredit)
values (52, 'Blondelle', 'Ingle', 'bingle1f@theglobeandmail.com', 'uyFeZT', 239);
insert into users (idUser, useName, useLastName, useEmail, usePassword, useCredit)
values (53, 'Ardys', 'Stains', 'astains1g@shop-pro.jp', 'VWEwcDj7', 750);
insert into users (idUser, useName, useLastName, useEmail, usePassword, useCredit)
values (54, 'Ludovico', 'Berrycloth', 'lberrycloth1h@disqus.com', 'KjBarVKrNWZX', 1871);
insert into users (idUser, useName, useLastName, useEmail, usePassword, useCredit)
values (55, 'Johnathan', 'Roseburgh', 'jroseburgh1i@istockphoto.com', 'rBGT4JN', 2007);
insert into users (idUser, useName, useLastName, useEmail, usePassword, useCredit)
values (56, 'Winthrop', 'Dwelly', 'wdwelly1j@mysql.com', 'QDPc1VKNo45', 888);
insert into users (idUser, useName, useLastName, useEmail, usePassword, useCredit)
values (57, 'Dugald', 'Wallen', 'dwallen1k@foxnews.com', 'DqpeOi', 366);
insert into users (idUser, useName, useLastName, useEmail, usePassword, useCredit)
values (58, 'Garry', 'Meadway', 'gmeadway1l@wix.com', 'rKzhUTH7MUiT', 1246);
insert into users (idUser, useName, useLastName, useEmail, usePassword, useCredit)
values (59, 'Riki', 'Ind', 'rind1m@free.fr', 'ouGZDeoCwDKe', 1589);
insert into users (idUser, useName, useLastName, useEmail, usePassword, useCredit)
values (60, 'Mellicent', 'Auckland', 'mauckland1n@bandcamp.com', '48nBvA0Fg1nC', 1644);
insert into users (idUser, useName, useLastName, useEmail, usePassword, useCredit)
values (61, 'Cross', 'Springthorpe', 'cspringthorpe1o@google.co.jp', 'EG5ZNYJwO', 991);
insert into users (idUser, useName, useLastName, useEmail, usePassword, useCredit)
values (62, 'Corbin', 'Swales', 'cswales1p@symantec.com', '5zROP7uc', 1344);
insert into users (idUser, useName, useLastName, useEmail, usePassword, useCredit)
values (63, 'Leodora', 'Clemente', 'lclemente1q@msu.edu', 'Q9djP55oT70', 1859);
insert into users (idUser, useName, useLastName, useEmail, usePassword, useCredit)
values (64, 'Joni', 'Ebbett', 'jebbett1r@aboutads.info', 'M9mzn2N5qW', 1563);
insert into users (idUser, useName, useLastName, useEmail, usePassword, useCredit)
values (65, 'Babita', 'Lobley', 'blobley1s@soundcloud.com', 'eD1Ajgzj2RYB', 2277);
insert into users (idUser, useName, useLastName, useEmail, usePassword, useCredit)
values (66, 'Olvan', 'Quinby', 'oquinby1t@storify.com', 'OP12hrMixL', 1316);
insert into users (idUser, useName, useLastName, useEmail, usePassword, useCredit)
values (67, 'Josiah', 'Tryme', 'jtryme1u@goo.ne.jp', 'InhXsX', 17);
insert into users (idUser, useName, useLastName, useEmail, usePassword, useCredit)
values (68, 'Nadeen', 'Giacopello', 'ngiacopello1v@mashable.com', 'YGPllZD9Inn', 99);
insert into users (idUser, useName, useLastName, useEmail, usePassword, useCredit)
values (69, 'Ash', 'Bucknell', 'abucknell1w@about.me', 'i9oNbOmaw', 1554);
insert into users (idUser, useName, useLastName, useEmail, usePassword, useCredit)
values (70, 'Shandeigh', 'Bosward', 'sbosward1x@ucoz.com', 'k4qcYomyDumb', 854);
insert into users (idUser, useName, useLastName, useEmail, usePassword, useCredit)
values (71, 'Curt', 'Kinzett', 'ckinzett1y@discuz.net', 'VTz3SQ3', 1423);
insert into users (idUser, useName, useLastName, useEmail, usePassword, useCredit)
values (72, 'Jerry', 'Kelwaybamber', 'jkelwaybamber1z@ning.com', '9Qgr1i', 1286);
insert into users (idUser, useName, useLastName, useEmail, usePassword, useCredit)
values (73, 'Yancey', 'Heditch', 'yheditch20@freewebs.com', 'NWDnYJf4Zoh', 628);
insert into users (idUser, useName, useLastName, useEmail, usePassword, useCredit)
values (74, 'Bobinette', 'Shotton', 'bshotton21@reddit.com', 'kbhfmvSV8', 838);
insert into users (idUser, useName, useLastName, useEmail, usePassword, useCredit)
values (75, 'Myer', 'Rippon', 'mrippon22@cafepress.com', 'aDPK7CLL3z7', 474);
insert into users (idUser, useName, useLastName, useEmail, usePassword, useCredit)
values (76, 'Lavina', 'Basnall', 'lbasnall23@joomla.org', 'L1A0sruKv', 1723);
insert into users (idUser, useName, useLastName, useEmail, usePassword, useCredit)
values (77, 'Pacorro', 'Applewhite', 'papplewhite24@fc2.com', 'HrqNjJd', 1222);
insert into users (idUser, useName, useLastName, useEmail, usePassword, useCredit)
values (78, 'Brigida', 'Joskowitz', 'bjoskowitz25@mac.com', 'Z9giyd', 1225);
insert into users (idUser, useName, useLastName, useEmail, usePassword, useCredit)
values (79, 'Rafe', 'Coburn', 'rcoburn26@so-net.ne.jp', 'xViBx146bm', 1009);
insert into users (idUser, useName, useLastName, useEmail, usePassword, useCredit)
values (80, 'Brynn', 'Capp', 'bcapp27@nih.gov', 'jHOIfUSGATtZ', 2217);
insert into users (idUser, useName, useLastName, useEmail, usePassword, useCredit)
values (81, 'Walther', 'Vlasin', 'wvlasin28@cmu.edu', 'G5WQcJVEjw', 2150);
insert into users (idUser, useName, useLastName, useEmail, usePassword, useCredit)
values (82, 'Ellsworth', 'Gover', 'egover29@sfgate.com', 'RpxWAGXWDt', 191);
insert into users (idUser, useName, useLastName, useEmail, usePassword, useCredit)
values (83, 'Auria', 'Drakard', 'adrakard2a@mediafire.com', '7lF9eO86', 221);
insert into users (idUser, useName, useLastName, useEmail, usePassword, useCredit)
values (84, 'Mario', 'Annakin', 'mannakin2b@usda.gov', '7RqQxmueA', 659);
insert into users (idUser, useName, useLastName, useEmail, usePassword, useCredit)
values (85, 'Niki', 'Frodsam', 'nfrodsam2c@biglobe.ne.jp', 'MMTB54N', 1116);
insert into users (idUser, useName, useLastName, useEmail, usePassword, useCredit)
values (86, 'Tabbitha', 'Hrihorovich', 'thrihorovich2d@google.com.hk', 'dbtdAW', 1522);
insert into users (idUser, useName, useLastName, useEmail, usePassword, useCredit)
values (87, 'Sylvan', 'Miskelly', 'smiskelly2e@opensource.org', 'MjPfCQN', 304);
insert into users (idUser, useName, useLastName, useEmail, usePassword, useCredit)
values (88, 'Kora', 'Barltrop', 'kbarltrop2f@youku.com', 'dmZ3iKNm', 1364);
insert into users (idUser, useName, useLastName, useEmail, usePassword, useCredit)
values (89, 'Enrico', 'Hundell', 'ehundell2g@fda.gov', 'irMak3gM', 1158);
insert into users (idUser, useName, useLastName, useEmail, usePassword, useCredit)
values (90, 'Bettye', 'Barthorpe', 'bbarthorpe2h@ebay.com', 'NLqpFmuEmf', 935);
insert into users (idUser, useName, useLastName, useEmail, usePassword, useCredit)
values (91, 'Albina', 'Sweetzer', 'asweetzer2i@gizmodo.com', '4xHQZb', 1550);
insert into users (idUser, useName, useLastName, useEmail, usePassword, useCredit)
values (92, 'Maurizio', 'Bignell', 'mbignell2j@latimes.com', 'BM4pT3', 1452);
insert into users (idUser, useName, useLastName, useEmail, usePassword, useCredit)
values (93, 'Mellisent', 'Bessett', 'mbessett2k@chron.com', 'Uq0H47qVeeM', 1658);
insert into users (idUser, useName, useLastName, useEmail, usePassword, useCredit)
values (94, 'Chastity', 'Brimicombe', 'cbrimicombe2l@abc.net.au', '6URMQSFx', 2009);
insert into users (idUser, useName, useLastName, useEmail, usePassword, useCredit)
values (95, 'Hank', 'Heiton', 'hheiton2m@cargocollective.com', '4bEk60cV96', 891);
insert into users (idUser, useName, useLastName, useEmail, usePassword, useCredit)
values (96, 'Thain', 'Peatheyjohns', 'tpeatheyjohns2n@who.int', 'vHxQIDOm', 1649);
insert into users (idUser, useName, useLastName, useEmail, usePassword, useCredit)
values (97, 'Minny', 'Bickerstasse', 'mbickerstasse2o@home.pl', 'tGW5HI9IBcLr', 901);
insert into users (idUser, useName, useLastName, useEmail, usePassword, useCredit)
values (98, 'Nikolaos', 'Macellar', 'nmacellar2p@forbes.com', 'HhasVx5o9', 538);
insert into users (idUser, useName, useLastName, useEmail, usePassword, useCredit)
values (99, 'Ekaterina', 'Bartak', 'ebartak2q@dyndns.org', 'whnOBxmWai', 2067);
insert into users (idUser, useName, useLastName, useEmail, usePassword, useCredit)
values (100, 'Teddy', 'Casacchia', 'tcasacchia2r@aol.com', 'TS5bVJx', 2485);
insert into users (idUser, useName, useLastName, useEmail, usePassword, useCredit)
values (101, 'Cucumber','Cucumber','cucumber@yopmail.com','$2a$10$dM3KZWAUkx26D.ZNXy8b5.tZQgroupQAU57bdDS0R0DLS4X8gAq6K', 1000000);

insert into categories (idCategory, catName, catParent)
values (1, 'Art & Collections', null);
insert into categories (idCategory, catName, catParent)
values (2, 'Automobiles', null);
insert into categories (idCategory, catName, catParent)
values (3, 'Bijoux & Montres', null);
insert into categories (idCategory, catName, catParent)
values (4, 'Maison & Jardin', null);
insert into categories (idCategory, catName, catParent)
values (5, 'Mode', null);
insert into categories (idCategory, catName, catParent)
values (6, 'High-Tech', null);
insert into categories (idCategory, catName, catParent)
values (7, 'Jouets & Jeux', null);
insert into categories (idCategory, catName, catParent)
values (8, 'Livres & BD', null);
insert into categories (idCategory, catName, catParent)
values (9, 'Timbres', 1);
insert into categories (idCategory, catName, catParent)
values (10, 'Monnaies', 1);
insert into categories (idCategory, catName, catParent)
values (11, 'Cartes Postales', 1);
insert into categories (idCategory, catName, catParent)
values (12, 'Tableaux', 1);
insert into categories (idCategory, catName, catParent)
values (13, 'Contemporain', 12);
insert into categories (idCategory, catName, catParent)
values (14, 'Ancien', 12);
insert into categories (idCategory, catName, catParent)
values (15, 'Voitures', 2);
insert into categories (idCategory, catName, catParent)
values (16, 'Motos', 2);
insert into categories (idCategory, catName, catParent)
values (17, 'Scooters', 2);
insert into categories (idCategory, catName, catParent)
values (18, 'Voitures de collections', 15);
insert into categories (idCategory, catName, catParent)
values (19, 'Voitures de sport', 15);
insert into categories (idCategory, catName, catParent)
values (20, 'Pièces détachées', 15);
insert into categories (idCategory, catName, catParent)
values (21, 'Motos de sport', 16);
insert into categories (idCategory, catName, catParent)
values (22, 'Motos de collections', 16);
insert into categories (idCategory, catName, catParent)
values (23, 'Pièces détachées', 16);
insert into categories (idCategory, catName, catParent)
values (24, 'Montres', 3);
insert into categories (idCategory, catName, catParent)
values (25, 'Bijoux', 3);
insert into categories (idCategory, catName, catParent)
values (26, 'Collier', 25);
insert into categories (idCategory, catName, catParent)
values (27, 'Bague', 25);
insert into categories (idCategory, catName, catParent)
values (28, 'Bracelet', 25);
insert into categories (idCategory, catName, catParent)
values (29, 'Boucles d''oreilles', 25);
insert into categories (idCategory, catName, catParent)
values (30, 'Mobilier intérieur', 4);
insert into categories (idCategory, catName, catParent)
values (31, 'Mobilier extérieur', 4);
insert into categories (idCategory, catName, catParent)
values (32, 'Décoration', 4);
insert into categories (idCategory, catName, catParent)
values (33, 'Luminaires', 4);
insert into categories (idCategory, catName, catParent)
values (34, 'Vêtements', 5);
insert into categories (idCategory, catName, catParent)
values (35, 'Chaussures', 5);
insert into categories (idCategory, catName, catParent)
values (36, 'Accessoires', 5);
insert into categories (idCategory, catName, catParent)
values (37, 'Pull', 34);
insert into categories (idCategory, catName, catParent)
values (38, 'T-shirt', 34);
insert into categories (idCategory, catName, catParent)
values (39, 'Pantalon', 34);
insert into categories (idCategory, catName, catParent)
values (40, 'Chaussures de ville', 35);
insert into categories (idCategory, catName, catParent)
values (41, 'Chaussures de sport', 35);
insert into categories (idCategory, catName, catParent)
values (42, 'Sacs', 36);
insert into categories (idCategory, catName, catParent)
values (43, 'Ceintures', 36);
insert into categories (idCategory, catName, catParent)
values (44, 'Portefeuilles', 36);
insert into categories (idCategory, catName, catParent)
values (45, 'Téléphones', 6);
insert into categories (idCategory, catName, catParent)
values (46, 'Ordinateurs', 6);
insert into categories (idCategory, catName, catParent)
values (47, 'Télévisions', 6);
insert into categories (idCategory, catName, catParent)
values (48, 'Portables', 46);
insert into categories (idCategory, catName, catParent)
values (49, 'Bureaux', 46);
insert into categories (idCategory, catName, catParent)
values (50, 'Composants', 46);
insert into categories (idCategory, catName, catParent)
values (51, 'Ecrans', 46);
insert into categories (idCategory, catName, catParent)
values (52, 'Jeux de société', 7);
insert into categories (idCategory, catName, catParent)
values (53, 'Jeux de cartes', 7);
insert into categories (idCategory, catName, catParent)
values (54, 'Jeux de vidéos', 7);
insert into categories (idCategory, catName, catParent)
values (55, 'Jouets', 7);
insert into categories (idCategory, catName, catParent)
values (56, 'MMORPG', 54);
insert into categories (idCategory, catName, catParent)
values (57, 'FPS', 54);
insert into categories (idCategory, catName, catParent)
values (58, 'RPG', 54);
insert into categories (idCategory, catName, catParent)
values (59, 'Jeux de plateforme', 54);
insert into categories (idCategory, catName, catParent)
values (60, 'Livres', 8);
insert into categories (idCategory, catName, catParent)
values (61, 'BD', 8);
insert into categories (idCategory, catName, catParent)
values (62, 'Mangas', 8);
insert into categories (idCategory, catName, catParent)
values (63, 'Romans policier', 60);
insert into categories (idCategory, catName, catParent)
values (64, 'Romans fantastique', 60);
insert into categories (idCategory, catName, catParent)
values (65, 'Romans historique', 60);
insert into categories (idCategory, catName, catParent)
values (66, 'Enfants', 61);
insert into categories (idCategory, catName, catParent)
values (67, 'Adolescents', 61);
insert into categories (idCategory, catName, catParent)
values (68, 'Actions', 62);
insert into categories (idCategory, catName, catParent)
values (69, 'Aventures', 62);
insert into categories (idCategory, catName, catParent)
values (70, 'Romances', 62);

insert into items (idItem, iteDatePublication, iteDescription, iteInitialValue, iteName, iteOnSale, itePickedUp, itePicture, iteState, idCategory, idUser) values (1, '2023-01-07', 'Malignant neoplasm of pyriform sinus', 4178, 'Toyota', false, true, 'http://dummyimage.com/288x271.png/dddddd/000000', 'Occasion', 42, 5);
insert into items (idItem, iteDatePublication, iteDescription, iteInitialValue, iteName, iteOnSale, itePickedUp, itePicture, iteState, idCategory, idUser) values (2, '2023-05-31', 'Other and unspecified water transport accident injuring dockers, stevedores', 3031, 'Ford', true, false, 'http://dummyimage.com/255x233.png/cc0000/ffffff', 'Occasion', 20, 22);
insert into items (idItem, iteDatePublication, iteDescription, iteInitialValue, iteName, iteOnSale, itePickedUp, itePicture, iteState, idCategory, idUser) values (3, '2022-12-04', 'Cerebrovascular disorders in the puerperium, delivered, with or without mention of antepartum condition', 2729, 'Mercury', false, true, 'http://dummyimage.com/268x251.png/ff4444/ffffff', 'Occasion', 26, 79);
insert into items (idItem, iteDatePublication, iteDescription, iteInitialValue, iteName, iteOnSale, itePickedUp, itePicture, iteState, idCategory, idUser) values (4, '2022-10-17', 'Person living alone', 4852, 'Chevrolet', false, false, 'http://dummyimage.com/268x232.png/ff4444/ffffff', 'Neuf', 28, 95);
insert into items (idItem, iteDatePublication, iteDescription, iteInitialValue, iteName, iteOnSale, itePickedUp, itePicture, iteState, idCategory, idUser) values (5, '2023-04-09', 'Other, mixed, or unspecified drug abuse, in remission', 4736, 'GMC', false, true, 'http://dummyimage.com/277x212.png/5fa2dd/ffffff', 'Occasion', 70, 53);
insert into items (idItem, iteDatePublication, iteDescription, iteInitialValue, iteName, iteOnSale, itePickedUp, itePicture, iteState, idCategory, idUser) values (6, '2022-07-25', 'Tuberculosis of thyroid gland, tubercle bacilli found (in sputum) by microscopy', 4389, 'Alfa Romeo', true, true, 'http://dummyimage.com/208x269.png/cc0000/ffffff', 'Occasion', 69, 28);
insert into items (idItem, iteDatePublication, iteDescription, iteInitialValue, iteName, iteOnSale, itePickedUp, itePicture, iteState, idCategory, idUser) values (7, '2022-09-20', 'Tongue tie', 2654, 'Chevrolet', true, true, 'http://dummyimage.com/267x242.png/dddddd/000000', 'Occasion', 9, 46);
insert into items (idItem, iteDatePublication, iteDescription, iteInitialValue, iteName, iteOnSale, itePickedUp, itePicture, iteState, idCategory, idUser) values (8, '2022-12-21', 'Deep seated dermatophytosis', 1094, 'Cadillac', true, false, 'http://dummyimage.com/232x241.png/ff4444/ffffff', 'Neuf', 20, 31);
insert into items (idItem, iteDatePublication, iteDescription, iteInitialValue, iteName, iteOnSale, itePickedUp, itePicture, iteState, idCategory, idUser) values (9, '2022-08-26', 'Neurasthenia', 3243, 'Dodge', false, false, 'http://dummyimage.com/256x251.png/ff4444/ffffff', 'Neuf', 15, 15);
insert into items (idItem, iteDatePublication, iteDescription, iteInitialValue, iteName, iteOnSale, itePickedUp, itePicture, iteState, idCategory, idUser) values (10, '2022-09-22', 'Temporal sclerosis', 3927, 'Chevrolet', false, false, 'http://dummyimage.com/243x297.png/dddddd/000000', 'Neuf', 53, 4);
insert into items (idItem, iteDatePublication, iteDescription, iteInitialValue, iteName, iteOnSale, itePickedUp, itePicture, iteState, idCategory, idUser) values (11, '2023-02-15', 'Leiomyoma of uterus, unspecified', 2734, 'Mercedes-Benz', true, true, 'http://dummyimage.com/235x206.png/5fa2dd/ffffff', 'Neuf', 44, 63);
insert into items (idItem, iteDatePublication, iteDescription, iteInitialValue, iteName, iteOnSale, itePickedUp, itePicture, iteState, idCategory, idUser) values (12, '2022-10-19', 'Mechanical complication of cystostomy', 4140, 'GMC', true, false, 'http://dummyimage.com/209x234.png/dddddd/000000', 'Neuf', 27, 80);
insert into items (idItem, iteDatePublication, iteDescription, iteInitialValue, iteName, iteOnSale, itePickedUp, itePicture, iteState, idCategory, idUser) values (13, '2022-08-09', 'Acute miliary tuberculosis, tubercle bacilli not found by bacteriological examination, but tuberculosis confirmed histologically', 907, 'Toyota', true, true, 'http://dummyimage.com/296x268.png/5fa2dd/ffffff', 'Neuf', 30, 23);
insert into items (idItem, iteDatePublication, iteDescription, iteInitialValue, iteName, iteOnSale, itePickedUp, itePicture, iteState, idCategory, idUser) values (14, '2023-02-17', 'Aneurysm of subclavian artery', 2655, 'Mercedes-Benz', false, true, 'http://dummyimage.com/285x299.png/cc0000/ffffff', 'Occasion', 5, 100);
insert into items (idItem, iteDatePublication, iteDescription, iteInitialValue, iteName, iteOnSale, itePickedUp, itePicture, iteState, idCategory, idUser) values (15, '2023-03-22', 'Heart replaced by transplant', 1042, 'Land Rover', true, false, 'http://dummyimage.com/202x274.png/5fa2dd/ffffff', 'Neuf', 53, 8);
insert into items (idItem, iteDatePublication, iteDescription, iteInitialValue, iteName, iteOnSale, itePickedUp, itePicture, iteState, idCategory, idUser) values (16, '2023-05-20', 'Late effects of cerebrovascular disease, other paralytic syndrome affecting dominant side', 2963, 'Isuzu', true, false, 'http://dummyimage.com/274x253.png/5fa2dd/ffffff', 'Neuf', 39, 89);
insert into items (idItem, iteDatePublication, iteDescription, iteInitialValue, iteName, iteOnSale, itePickedUp, itePicture, iteState, idCategory, idUser) values (17, '2023-04-20', 'Infant botulism', 1800, 'GMC', true, false, 'http://dummyimage.com/242x263.png/cc0000/ffffff', 'Occasion', 17, 35);
insert into items (idItem, iteDatePublication, iteDescription, iteInitialValue, iteName, iteOnSale, itePickedUp, itePicture, iteState, idCategory, idUser) values (18, '2022-12-15', 'Thoracic aneurysm, ruptured', 3447, 'Mitsubishi', true, true, 'http://dummyimage.com/300x254.png/ff4444/ffffff', 'Occasion', 2, 22);
insert into items (idItem, iteDatePublication, iteDescription, iteInitialValue, iteName, iteOnSale, itePickedUp, itePicture, iteState, idCategory, idUser) values (19, '2022-12-08', 'Other viral diseases in the mother, antepartum condition or complication', 299, 'Porsche', true, true, 'http://dummyimage.com/264x265.png/ff4444/ffffff', 'Occasion', 16, 27);
insert into items (idItem, iteDatePublication, iteDescription, iteInitialValue, iteName, iteOnSale, itePickedUp, itePicture, iteState, idCategory, idUser) values (20, '2022-06-10', 'Other general diseases with articular involvement', 2415, 'Audi', true, false, 'http://dummyimage.com/288x242.png/cc0000/ffffff', 'Occasion', 37, 55);
insert into items (idItem, iteDatePublication, iteDescription, iteInitialValue, iteName, iteOnSale, itePickedUp, itePicture, iteState, idCategory, idUser) values (21, '2022-12-01', 'Suspected cervical shortening not found', 2547, 'Chevrolet', false, false, 'http://dummyimage.com/245x207.png/ff4444/ffffff', 'Neuf', 11, 22);
insert into items (idItem, iteDatePublication, iteDescription, iteInitialValue, iteName, iteOnSale, itePickedUp, itePicture, iteState, idCategory, idUser) values (22, '2022-08-24', 'Dieulafoy lesion (hemorrhagic) of intestine', 312, 'Lexus', false, true, 'http://dummyimage.com/294x215.png/dddddd/000000', 'Neuf', 43, 81);
insert into items (idItem, iteDatePublication, iteDescription, iteInitialValue, iteName, iteOnSale, itePickedUp, itePicture, iteState, idCategory, idUser) values (23, '2023-04-21', 'Unspecified hemorrhage of newborn', 2341, 'GMC', false, true, 'http://dummyimage.com/267x224.png/dddddd/000000', 'Occasion', 70, 57);
insert into items (idItem, iteDatePublication, iteDescription, iteInitialValue, iteName, iteOnSale, itePickedUp, itePicture, iteState, idCategory, idUser) values (24, '2022-08-08', 'Injury due to war operations by unintentional detonation of own munitions', 406, 'Chevrolet', true, true, 'http://dummyimage.com/216x250.png/ff4444/ffffff', 'Neuf', 44, 86);
insert into items (idItem, iteDatePublication, iteDescription, iteInitialValue, iteName, iteOnSale, itePickedUp, itePicture, iteState, idCategory, idUser) values (25, '2023-05-11', 'Illegally induced abortion, complicated by renal failure, complete', 782, 'Subaru', false, true, 'http://dummyimage.com/293x274.png/ff4444/ffffff', 'Occasion', 70, 13);
insert into items (idItem, iteDatePublication, iteDescription, iteInitialValue, iteName, iteOnSale, itePickedUp, itePicture, iteState, idCategory, idUser) values (26, '2022-08-22', 'Personal history of tobacco use', 1845, 'Hyundai', false, true, 'http://dummyimage.com/220x259.png/ff4444/ffffff', 'Neuf', 48, 74);
insert into items (idItem, iteDatePublication, iteDescription, iteInitialValue, iteName, iteOnSale, itePickedUp, itePicture, iteState, idCategory, idUser) values (27, '2022-11-04', 'Other genetic testing of female', 899, 'Nissan', true, true, 'http://dummyimage.com/209x219.png/ff4444/ffffff', 'Neuf', 40, 83);
insert into items (idItem, iteDatePublication, iteDescription, iteInitialValue, iteName, iteOnSale, itePickedUp, itePicture, iteState, idCategory, idUser) values (28, '2022-09-09', 'Obstructive chronic bronchitis with (acute) exacerbation', 2363, 'Suzuki', true, false, 'http://dummyimage.com/255x203.png/ff4444/ffffff', 'Neuf', 58, 10);
insert into items (idItem, iteDatePublication, iteDescription, iteInitialValue, iteName, iteOnSale, itePickedUp, itePicture, iteState, idCategory, idUser) values (29, '2022-10-14', 'General paresis', 3781, 'GMC', false, false, 'http://dummyimage.com/228x236.png/ff4444/ffffff', 'Neuf', 1, 14);
insert into items (idItem, iteDatePublication, iteDescription, iteInitialValue, iteName, iteOnSale, itePickedUp, itePicture, iteState, idCategory, idUser) values (30, '2022-11-19', 'Palindromic rheumatism, shoulder region', 2975, 'Toyota', false, true, 'http://dummyimage.com/240x258.png/cc0000/ffffff', 'Occasion', 53, 33);
insert into items (idItem, iteDatePublication, iteDescription, iteInitialValue, iteName, iteOnSale, itePickedUp, itePicture, iteState, idCategory, idUser) values (31, '2022-07-25', 'Deep necrosis of underlying tissues [deep third degree] with loss of a body part, of abdominal wall', 61, 'Pontiac', true, true, 'http://dummyimage.com/235x297.png/5fa2dd/ffffff', 'Neuf', 17, 83);
insert into items (idItem, iteDatePublication, iteDescription, iteInitialValue, iteName, iteOnSale, itePickedUp, itePicture, iteState, idCategory, idUser) values (32, '2022-07-17', 'Other late congenital syphilis, symptomatic', 3842, 'Porsche', true, true, 'http://dummyimage.com/298x294.png/5fa2dd/ffffff', 'Occasion', 39, 45);
insert into items (idItem, iteDatePublication, iteDescription, iteInitialValue, iteName, iteOnSale, itePickedUp, itePicture, iteState, idCategory, idUser) values (33, '2022-10-21', 'Other and unspecified fall in water transport injuring occupant of small boat, powered', 3535, 'Isuzu', false, true, 'http://dummyimage.com/266x203.png/dddddd/000000', 'Neuf', 70, 13);
insert into items (idItem, iteDatePublication, iteDescription, iteInitialValue, iteName, iteOnSale, itePickedUp, itePicture, iteState, idCategory, idUser) values (34, '2023-04-07', 'Congenital reduction deformities of brain', 2583, 'Audi', true, false, 'http://dummyimage.com/226x271.png/dddddd/000000', 'Occasion', 39, 15);
insert into items (idItem, iteDatePublication, iteDescription, iteInitialValue, iteName, iteOnSale, itePickedUp, itePicture, iteState, idCategory, idUser) values (35, '2022-08-03', 'Thalassemia, unspecified', 1115, 'Pontiac', false, false, 'http://dummyimage.com/235x219.png/ff4444/ffffff', 'Occasion', 57, 88);
insert into items (idItem, iteDatePublication, iteDescription, iteInitialValue, iteName, iteOnSale, itePickedUp, itePicture, iteState, idCategory, idUser) values (36, '2022-09-16', 'Loss of labyrinthine reactivity, unilateral', 3506, 'Volkswagen', false, true, 'http://dummyimage.com/288x291.png/cc0000/ffffff', 'Neuf', 69, 46);
insert into items (idItem, iteDatePublication, iteDescription, iteInitialValue, iteName, iteOnSale, itePickedUp, itePicture, iteState, idCategory, idUser) values (37, '2022-09-11', 'Nonspecific abnormal echoencephalogram', 4779, 'Mitsubishi', false, true, 'http://dummyimage.com/242x228.png/dddddd/000000', 'Occasion', 6, 92);
insert into items (idItem, iteDatePublication, iteDescription, iteInitialValue, iteName, iteOnSale, itePickedUp, itePicture, iteState, idCategory, idUser) values (38, '2023-02-13', 'Other and unspecified alcohol dependence, continuous', 3410, 'Isuzu', false, true, 'http://dummyimage.com/220x207.png/dddddd/000000', 'Neuf', 15, 49);
insert into items (idItem, iteDatePublication, iteDescription, iteInitialValue, iteName, iteOnSale, itePickedUp, itePicture, iteState, idCategory, idUser) values (39, '2023-01-24', 'Nonallopathic lesions, pelvic region', 948, 'Kia', true, true, 'http://dummyimage.com/208x273.png/ff4444/ffffff', 'Occasion', 42, 79);
insert into items (idItem, iteDatePublication, iteDescription, iteInitialValue, iteName, iteOnSale, itePickedUp, itePicture, iteState, idCategory, idUser) values (40, '2023-03-31', 'Loose body in joint, shoulder region', 2150, 'BMW', true, true, 'http://dummyimage.com/282x248.png/5fa2dd/ffffff', 'Occasion', 58, 97);
insert into items (idItem, iteDatePublication, iteDescription, iteInitialValue, iteName, iteOnSale, itePickedUp, itePicture, iteState, idCategory, idUser) values (41, '2023-01-12', 'Recurrent pterygium', 3270, 'Ford', true, true, 'http://dummyimage.com/272x249.png/ff4444/ffffff', 'Neuf', 35, 21);
insert into items (idItem, iteDatePublication, iteDescription, iteInitialValue, iteName, iteOnSale, itePickedUp, itePicture, iteState, idCategory, idUser) values (42, '2022-07-23', 'Poisoning by chloral hydrate group', 3203, 'Ford', true, true, 'http://dummyimage.com/286x241.png/cc0000/ffffff', 'Neuf', 57, 99);
insert into items (idItem, iteDatePublication, iteDescription, iteInitialValue, iteName, iteOnSale, itePickedUp, itePicture, iteState, idCategory, idUser) values (43, '2023-05-26', 'Neoplasm of uncertain behavior of meninges', 4221, 'Mercedes-Benz', false, false, 'http://dummyimage.com/206x210.png/ff4444/ffffff', 'Occasion', 36, 31);
insert into items (idItem, iteDatePublication, iteDescription, iteInitialValue, iteName, iteOnSale, itePickedUp, itePicture, iteState, idCategory, idUser) values (44, '2023-02-08', 'Closed fracture of triquetral [cuneiform] bone of wrist', 668, 'Jeep', true, false, 'http://dummyimage.com/201x290.png/dddddd/000000', 'Occasion', 42, 76);
insert into items (idItem, iteDatePublication, iteDescription, iteInitialValue, iteName, iteOnSale, itePickedUp, itePicture, iteState, idCategory, idUser) values (45, '2023-02-15', 'Pregnancy examination or test, negative result', 927, 'Nissan', true, false, 'http://dummyimage.com/240x291.png/cc0000/ffffff', 'Neuf', 60, 56);
insert into items (idItem, iteDatePublication, iteDescription, iteInitialValue, iteName, iteOnSale, itePickedUp, itePicture, iteState, idCategory, idUser) values (46, '2022-11-27', 'Malignant neoplasm of lower lobe, bronchus or lung', 42, 'Scion', true, false, 'http://dummyimage.com/276x267.png/cc0000/ffffff', 'Neuf', 70, 59);
insert into items (idItem, iteDatePublication, iteDescription, iteInitialValue, iteName, iteOnSale, itePickedUp, itePicture, iteState, idCategory, idUser) values (47, '2022-09-08', 'Gingival recession, severe', 3751, 'Chevrolet', true, false, 'http://dummyimage.com/297x296.png/dddddd/000000', 'Occasion', 20, 45);
insert into items (idItem, iteDatePublication, iteDescription, iteInitialValue, iteName, iteOnSale, itePickedUp, itePicture, iteState, idCategory, idUser) values (48, '2023-03-17', 'Thyrotoxicosis from ectopic thyroid nodule with mention of thyrotoxic crisis or storm', 834, 'MINI', false, true, 'http://dummyimage.com/230x289.png/dddddd/000000', 'Occasion', 53, 95);
insert into items (idItem, iteDatePublication, iteDescription, iteInitialValue, iteName, iteOnSale, itePickedUp, itePicture, iteState, idCategory, idUser) values (49, '2022-08-10', 'Exposure keratoconjunctivitis', 3968, 'Hyundai', false, false, 'http://dummyimage.com/203x241.png/dddddd/000000', 'Occasion', 62, 41);
insert into items (idItem, iteDatePublication, iteDescription, iteInitialValue, iteName, iteOnSale, itePickedUp, itePicture, iteState, idCategory, idUser) values (50, '2023-04-06', 'Burn [any degree] involving 80-89 percent of body surface with third degree burn, 20-29%', 2171, 'Mazda', false, true, 'http://dummyimage.com/246x256.png/5fa2dd/ffffff', 'Neuf', 22, 22);
insert into items (idItem, iteDatePublication, iteDescription, iteInitialValue, iteName, iteOnSale, itePickedUp, itePicture, iteState, idCategory, idUser) values (51, '2022-12-24', 'Other signs and symptoms in breast', 4042, 'Mazda', true, false, 'http://dummyimage.com/269x270.png/cc0000/ffffff', 'Neuf', 26, 86);
insert into items (idItem, iteDatePublication, iteDescription, iteInitialValue, iteName, iteOnSale, itePickedUp, itePicture, iteState, idCategory, idUser) values (52, '2023-04-15', 'Double outlet right ventricle', 280, 'Dodge', false, true, 'http://dummyimage.com/243x279.png/5fa2dd/ffffff', 'Neuf', 6, 41);
insert into items (idItem, iteDatePublication, iteDescription, iteInitialValue, iteName, iteOnSale, itePickedUp, itePicture, iteState, idCategory, idUser) values (53, '2023-01-02', 'Erythema [first degree] of lower leg', 895, 'Cadillac', true, false, 'http://dummyimage.com/200x203.png/ff4444/ffffff', 'Neuf', 63, 99);
insert into items (idItem, iteDatePublication, iteDescription, iteInitialValue, iteName, iteOnSale, itePickedUp, itePicture, iteState, idCategory, idUser) values (54, '2023-01-24', 'Obesity hypoventilation syndrome', 1794, 'Audi', true, true, 'http://dummyimage.com/227x293.png/cc0000/ffffff', 'Occasion', 52, 88);
insert into items (idItem, iteDatePublication, iteDescription, iteInitialValue, iteName, iteOnSale, itePickedUp, itePicture, iteState, idCategory, idUser) values (55, '2022-12-01', 'Family history of other neurological diseases', 1639, 'Toyota', true, false, 'http://dummyimage.com/204x216.png/cc0000/ffffff', 'Occasion', 24, 80);
insert into items (idItem, iteDatePublication, iteDescription, iteInitialValue, iteName, iteOnSale, itePickedUp, itePicture, iteState, idCategory, idUser) values (56, '2022-11-22', 'Screening for malignant neoplasms of bladder', 2311, 'Toyota', false, false, 'http://dummyimage.com/245x232.png/cc0000/ffffff', 'Neuf', 24, 74);
insert into items (idItem, iteDatePublication, iteDescription, iteInitialValue, iteName, iteOnSale, itePickedUp, itePicture, iteState, idCategory, idUser) values (57, '2023-04-06', 'Aniseikonia', 424, 'Audi', true, true, 'http://dummyimage.com/205x265.png/ff4444/ffffff', 'Occasion', 59, 23);
insert into items (idItem, iteDatePublication, iteDescription, iteInitialValue, iteName, iteOnSale, itePickedUp, itePicture, iteState, idCategory, idUser) values (58, '2022-08-12', 'Malignant histiocytosis, intra-abdominal lymph nodes', 3695, 'Dodge', true, true, 'http://dummyimage.com/291x228.png/ff4444/ffffff', 'Occasion', 28, 80);
insert into items (idItem, iteDatePublication, iteDescription, iteInitialValue, iteName, iteOnSale, itePickedUp, itePicture, iteState, idCategory, idUser) values (59, '2022-08-04', 'Hodgkin''s disease, lymphocytic-histiocytic predominance, lymph nodes of axilla and upper limb', 3076, 'Lincoln', false, true, 'http://dummyimage.com/235x260.png/5fa2dd/ffffff', 'Occasion', 70, 39);
insert into items (idItem, iteDatePublication, iteDescription, iteInitialValue, iteName, iteOnSale, itePickedUp, itePicture, iteState, idCategory, idUser) values (60, '2023-05-04', 'Injury to bronchus without mention of open wound into cavity', 1015, 'Ford', false, true, 'http://dummyimage.com/245x269.png/ff4444/ffffff', 'Neuf', 10, 7);
insert into items (idItem, iteDatePublication, iteDescription, iteInitialValue, iteName, iteOnSale, itePickedUp, itePicture, iteState, idCategory, idUser) values (61, '2022-09-20', 'Personal history of other lymphatic and hematopoietic neoplasms', 4119, 'Cadillac', false, true, 'http://dummyimage.com/259x239.png/cc0000/ffffff', 'Occasion', 3, 55);
insert into items (idItem, iteDatePublication, iteDescription, iteInitialValue, iteName, iteOnSale, itePickedUp, itePicture, iteState, idCategory, idUser) values (62, '2023-03-15', 'Rabies vaccine causing adverse effects in therapeutic use', 1677, 'BMW', true, true, 'http://dummyimage.com/222x290.png/5fa2dd/ffffff', 'Neuf', 24, 42);
insert into items (idItem, iteDatePublication, iteDescription, iteInitialValue, iteName, iteOnSale, itePickedUp, itePicture, iteState, idCategory, idUser) values (63, '2023-01-04', 'Cholesteatoma of middle ear and mastoid', 4549, 'Cadillac', false, true, 'http://dummyimage.com/230x218.png/cc0000/ffffff', 'Occasion', 16, 42);
insert into items (idItem, iteDatePublication, iteDescription, iteInitialValue, iteName, iteOnSale, itePickedUp, itePicture, iteState, idCategory, idUser) values (64, '2023-01-24', 'Infection by Histoplasma duboisii, pneumonia', 4385, 'Honda', false, false, 'http://dummyimage.com/200x242.png/ff4444/ffffff', 'Occasion', 51, 98);
insert into items (idItem, iteDatePublication, iteDescription, iteInitialValue, iteName, iteOnSale, itePickedUp, itePicture, iteState, idCategory, idUser) values (65, '2023-01-23', 'Gross hematuria', 2414, 'Chevrolet', true, false, 'http://dummyimage.com/264x280.png/dddddd/000000', 'Neuf', 11, 53);
insert into items (idItem, iteDatePublication, iteDescription, iteInitialValue, iteName, iteOnSale, itePickedUp, itePicture, iteState, idCategory, idUser) values (66, '2023-03-14', 'Open wound of tooth (broken) (fractured) (due to trauma), without mention of complication', 3326, 'Audi', false, true, 'http://dummyimage.com/270x214.png/cc0000/ffffff', 'Occasion', 45, 56);
insert into items (idItem, iteDatePublication, iteDescription, iteInitialValue, iteName, iteOnSale, itePickedUp, itePicture, iteState, idCategory, idUser) values (67, '2023-05-01', 'Accidental poisoning by other non-narcotic analgesics', 1733, 'Toyota', false, true, 'http://dummyimage.com/288x260.png/cc0000/ffffff', 'Occasion', 59, 17);
insert into items (idItem, iteDatePublication, iteDescription, iteInitialValue, iteName, iteOnSale, itePickedUp, itePicture, iteState, idCategory, idUser) values (68, '2023-01-05', 'Other activity involving other sports and athletics played individually', 3502, 'Hyundai', false, true, 'http://dummyimage.com/280x254.png/5fa2dd/ffffff', 'Occasion', 49, 15);
insert into items (idItem, iteDatePublication, iteDescription, iteInitialValue, iteName, iteOnSale, itePickedUp, itePicture, iteState, idCategory, idUser) values (69, '2023-06-05', 'Penetrating wound of orbit, without mention of foreign body', 4347, 'Saab', true, true, 'http://dummyimage.com/282x215.png/ff4444/ffffff', 'Occasion', 45, 82);
insert into items (idItem, iteDatePublication, iteDescription, iteInitialValue, iteName, iteOnSale, itePickedUp, itePicture, iteState, idCategory, idUser) values (70, '2022-10-21', 'Autoimmune lymphoproliferative syndrome', 3090, 'Pontiac', false, true, 'http://dummyimage.com/276x234.png/ff4444/ffffff', 'Neuf', 35, 29);
insert into items (idItem, iteDatePublication, iteDescription, iteInitialValue, iteName, iteOnSale, itePickedUp, itePicture, iteState, idCategory, idUser) values (71, '2023-04-15', 'Climacteric arthritis, lower leg', 870, 'Toyota', false, true, 'http://dummyimage.com/208x202.png/5fa2dd/ffffff', 'Neuf', 43, 78);
insert into items (idItem, iteDatePublication, iteDescription, iteInitialValue, iteName, iteOnSale, itePickedUp, itePicture, iteState, idCategory, idUser) values (72, '2023-03-18', 'Skin donors', 2436, 'Ford', false, true, 'http://dummyimage.com/254x210.png/cc0000/ffffff', 'Occasion', 12, 77);
insert into items (idItem, iteDatePublication, iteDescription, iteInitialValue, iteName, iteOnSale, itePickedUp, itePicture, iteState, idCategory, idUser) values (73, '2023-03-11', 'Personal history of malignant neoplasm of other parts of uterus', 4229, 'Ford', true, false, 'http://dummyimage.com/295x250.png/cc0000/ffffff', 'Occasion', 37, 68);
insert into items (idItem, iteDatePublication, iteDescription, iteInitialValue, iteName, iteOnSale, itePickedUp, itePicture, iteState, idCategory, idUser) values (74, '2022-11-23', 'Spontaneous abortion, complicated by metabolic disorder, incomplete', 2404, 'Ford', false, false, 'http://dummyimage.com/235x215.png/cc0000/ffffff', 'Neuf', 3, 44);
insert into items (idItem, iteDatePublication, iteDescription, iteInitialValue, iteName, iteOnSale, itePickedUp, itePicture, iteState, idCategory, idUser) values (75, '2023-04-27', 'Other dystrophies primarily involving the sensory retina', 582, 'GMC', false, false, 'http://dummyimage.com/247x269.png/ff4444/ffffff', 'Neuf', 20, 16);
insert into items (idItem, iteDatePublication, iteDescription, iteInitialValue, iteName, iteOnSale, itePickedUp, itePicture, iteState, idCategory, idUser) values (76, '2022-06-09', 'Personal history of underimmunization status', 4615, 'Cadillac', true, false, 'http://dummyimage.com/299x236.png/dddddd/000000', 'Occasion', 58, 5);
insert into items (idItem, iteDatePublication, iteDescription, iteInitialValue, iteName, iteOnSale, itePickedUp, itePicture, iteState, idCategory, idUser) values (77, '2023-04-28', 'Carcinoma in situ, vagina', 2585, 'Nissan', true, true, 'http://dummyimage.com/291x249.png/ff4444/ffffff', 'Occasion', 27, 66);
insert into items (idItem, iteDatePublication, iteDescription, iteInitialValue, iteName, iteOnSale, itePickedUp, itePicture, iteState, idCategory, idUser) values (78, '2022-09-06', 'Deep necrosis of underlying tissues [deep third degree] without mention of loss of a body part, of lip(s)', 2919, 'GMC', true, true, 'http://dummyimage.com/244x237.png/dddddd/000000', 'Neuf', 29, 57);
insert into items (idItem, iteDatePublication, iteDescription, iteInitialValue, iteName, iteOnSale, itePickedUp, itePicture, iteState, idCategory, idUser) values (79, '2023-01-01', 'Food poisoning due to other Clostridia', 984, 'Volvo', false, false, 'http://dummyimage.com/274x211.png/dddddd/000000', 'Occasion', 7, 33);
insert into items (idItem, iteDatePublication, iteDescription, iteInitialValue, iteName, iteOnSale, itePickedUp, itePicture, iteState, idCategory, idUser) values (80, '2023-04-05', 'Other nonspecific abnormal results of function study of peripheral nervous system and special senses', 1905, 'Oldsmobile', true, false, 'http://dummyimage.com/206x211.png/dddddd/000000', 'Occasion', 14, 21);
insert into items (idItem, iteDatePublication, iteDescription, iteInitialValue, iteName, iteOnSale, itePickedUp, itePicture, iteState, idCategory, idUser) values (81, '2023-03-27', 'Accidental poisoning from other specified foods', 2797, 'Pontiac', true, true, 'http://dummyimage.com/252x233.png/cc0000/ffffff', 'Neuf', 31, 59);
insert into items (idItem, iteDatePublication, iteDescription, iteInitialValue, iteName, iteOnSale, itePickedUp, itePicture, iteState, idCategory, idUser) values (82, '2022-10-02', 'Glaucoma stage, unspecified', 1624, 'Ford', true, false, 'http://dummyimage.com/276x227.png/5fa2dd/ffffff', 'Neuf', 46, 8);
insert into items (idItem, iteDatePublication, iteDescription, iteInitialValue, iteName, iteOnSale, itePickedUp, itePicture, iteState, idCategory, idUser) values (83, '2022-08-27', 'Other and unspecified morphological and functional abnormalities of placenta affecting fetus or newborn', 4015, 'Kia', true, false, 'http://dummyimage.com/238x257.png/ff4444/ffffff', 'Neuf', 15, 27);
insert into items (idItem, iteDatePublication, iteDescription, iteInitialValue, iteName, iteOnSale, itePickedUp, itePicture, iteState, idCategory, idUser) values (84, '2022-12-17', 'Terrorism secondary effects', 1649, 'Toyota', true, true, 'http://dummyimage.com/250x211.png/cc0000/ffffff', 'Occasion', 23, 64);
insert into items (idItem, iteDatePublication, iteDescription, iteInitialValue, iteName, iteOnSale, itePickedUp, itePicture, iteState, idCategory, idUser) values (85, '2022-06-06', 'Other and unspecified capillary diseases', 2950, 'Hyundai', true, true, 'http://dummyimage.com/220x225.png/ff4444/ffffff', 'Neuf', 58, 100);
insert into items (idItem, iteDatePublication, iteDescription, iteInitialValue, iteName, iteOnSale, itePickedUp, itePicture, iteState, idCategory, idUser) values (86, '2023-05-23', 'Injury to iliac blood vessels, other', 1306, 'Lotus', true, false, 'http://dummyimage.com/254x294.png/5fa2dd/ffffff', 'Occasion', 42, 4);
insert into items (idItem, iteDatePublication, iteDescription, iteInitialValue, iteName, iteOnSale, itePickedUp, itePicture, iteState, idCategory, idUser) values (87, '2022-07-12', 'Acute respiratory failure following trauma and surgery', 585, 'Pontiac', true, false, 'http://dummyimage.com/257x296.png/dddddd/000000', 'Neuf', 49, 40);
insert into items (idItem, iteDatePublication, iteDescription, iteInitialValue, iteName, iteOnSale, itePickedUp, itePicture, iteState, idCategory, idUser) values (88, '2022-07-26', 'Other benign neoplasm of connective and other soft tissue of lower limb, including hip', 3176, 'Lexus', true, false, 'http://dummyimage.com/201x264.png/dddddd/000000', 'Occasion', 60, 14);
insert into items (idItem, iteDatePublication, iteDescription, iteInitialValue, iteName, iteOnSale, itePickedUp, itePicture, iteState, idCategory, idUser) values (89, '2022-08-09', 'Articular cartilage disorder, upper arm', 2381, 'Ford', false, true, 'http://dummyimage.com/214x290.png/dddddd/000000', 'Neuf', 16, 70);
insert into items (idItem, iteDatePublication, iteDescription, iteInitialValue, iteName, iteOnSale, itePickedUp, itePicture, iteState, idCategory, idUser) values (90, '2023-01-27', 'Eustachian salpingitis, unspecified', 2281, 'Honda', true, false, 'http://dummyimage.com/254x280.png/ff4444/ffffff', 'Occasion', 25, 52);
insert into items (idItem, iteDatePublication, iteDescription, iteInitialValue, iteName, iteOnSale, itePickedUp, itePicture, iteState, idCategory, idUser) values (91, '2023-03-17', 'Closed fracture of base of skull with cerebral laceration and contusion, with prolonged [more than 24 hours] loss of consciousness, without return to pre-existing conscious level', 3706, 'Jaguar', false, false, 'http://dummyimage.com/230x285.png/dddddd/000000', 'Occasion', 68, 17);
insert into items (idItem, iteDatePublication, iteDescription, iteInitialValue, iteName, iteOnSale, itePickedUp, itePicture, iteState, idCategory, idUser) values (92, '2023-04-15', 'Tuberculous oophoritis and salpingitis, tubercle bacilli not found (in sputum) by microscopy, but found by bacterial culture', 4496, 'Ford', false, false, 'http://dummyimage.com/290x260.png/dddddd/000000', 'Neuf', 22, 99);
insert into items (idItem, iteDatePublication, iteDescription, iteInitialValue, iteName, iteOnSale, itePickedUp, itePicture, iteState, idCategory, idUser) values (93, '2022-08-18', 'Anemia of mother, antepartum condition or complication', 3614, 'Chevrolet', true, false, 'http://dummyimage.com/219x254.png/cc0000/ffffff', 'Neuf', 62, 18);
insert into items (idItem, iteDatePublication, iteDescription, iteInitialValue, iteName, iteOnSale, itePickedUp, itePicture, iteState, idCategory, idUser) values (94, '2022-12-16', 'Developmental dislocation of joint, shoulder region', 129, 'GMC', true, false, 'http://dummyimage.com/200x289.png/dddddd/000000', 'Neuf', 13, 44);
insert into items (idItem, iteDatePublication, iteDescription, iteInitialValue, iteName, iteOnSale, itePickedUp, itePicture, iteState, idCategory, idUser) values (95, '2023-04-15', 'Oval window fistula', 1666, 'Pontiac', false, true, 'http://dummyimage.com/294x283.png/5fa2dd/ffffff', 'Neuf', 8, 30);
insert into items (idItem, iteDatePublication, iteDescription, iteInitialValue, iteName, iteOnSale, itePickedUp, itePicture, iteState, idCategory, idUser) values (96, '2022-10-14', 'Amniotic fluid embolism, antepartum condition or complication', 1119, 'Ford', false, true, 'http://dummyimage.com/265x203.png/cc0000/ffffff', 'Neuf', 66, 55);
insert into items (idItem, iteDatePublication, iteDescription, iteInitialValue, iteName, iteOnSale, itePickedUp, itePicture, iteState, idCategory, idUser) values (97, '2023-05-09', 'Crushing injury of upper arm', 764, 'Toyota', false, true, 'http://dummyimage.com/261x233.png/cc0000/ffffff', 'Occasion', 54, 31);
insert into items (idItem, iteDatePublication, iteDescription, iteInitialValue, iteName, iteOnSale, itePickedUp, itePicture, iteState, idCategory, idUser) values (98, '2022-10-01', 'Laryngeal diphtheria', 1465, 'Pontiac', true, false, 'http://dummyimage.com/257x235.png/ff4444/ffffff', 'Neuf', 25, 66);
insert into items (idItem, iteDatePublication, iteDescription, iteInitialValue, iteName, iteOnSale, itePickedUp, itePicture, iteState, idCategory, idUser) values (99, '2022-12-25', 'Injury to common femoral artery', 4707, 'Cadillac', true, false, 'http://dummyimage.com/287x244.png/cc0000/ffffff', 'Neuf', 57, 11);
insert into items (idItem, iteDatePublication, iteDescription, iteInitialValue, iteName, iteOnSale, itePickedUp, itePicture, iteState, idCategory, idUser) values (100, '2022-08-09', 'Late effects of cerebrovascular disease, other paralytic syndrome affecting nondominant side', 1440, 'Toyota', true, true, 'http://dummyimage.com/202x286.png/dddddd/000000', 'Occasion', 31, 8);


insert into bids (idBid, bidAmount, idItem, idUser)
values (1, 5000, 1, 11);
insert into bids (idBid, bidAmount, idItem, idUser)
values (2, 6000, 1, 11);
insert into bids (idBid, bidAmount, idItem, idUser)
values (3, 7000, 1, 11);